sku,nome,categoria,subcategoria,codigo,descricao_tecnica,aplicacao,publico_indicado,diferencial,risco_ou_cuidado,argumento_venda,objecao_comum,resposta_objecao,venda_casada,source_url,status_dados
POL-001,Kers W1000 Nano Politriz Híbrida 300W,Politrizes,Nano híbrida,7908216810044,Nano politriz híbrida 300W.,"Polimento em áreas estreitas, cantos e detalhes.",Detailer profissional; estética automotiva,Formato nano para precisão e acesso a áreas pequenas.,Escolher boina e adaptadores corretamente.,Complementa a politriz principal e resolve áreas onde máquina grande perde precisão.,"Já tenho uma politriz comum, por que preciso dessa?",Porque ela acelera detalhes finos e reduz retrabalho onde a politriz maior não entra bem.,Kit de boinas nano; cones; compostos; suportes,https://www.kers.com.br/kers-politriz,público
POL-002,Kers Car Shine 30W 4000 mAh,Politrizes,Enceramento / descontaminação,,Máquina 30W com bateria 4000 mAh para descontaminação de pintura e enceramento.,Descontaminação leve e enceramento.,Profissional; hobista,Leveza e praticidade de uso.,"Alinhar expectativa: acabamento e enceramento, não corte pesado.",Conforto e mobilidade para tarefas repetitivas de acabamento.,Será que 30W é suficiente?,"Para enceramento e descontaminação leve, o ganho principal é mobilidade, conforto e repetibilidade.",Clay bar; aplicadores; microfibras; ceras,https://www.kers.com.br/kers-politriz,público
POL-003,Kers Top Cut 12V Nano Politriz Híbrida 230W,Politrizes,Nano híbrida,7908216810044,Nano politriz híbrida 12V de 230W.,"Correções pontuais, áreas estreitas e acabamento técnico.",Profissional; detailer avançado,Portabilidade e foco em correções localizadas.,Explicar autonomia e aplicação correta.,Excelente como segunda máquina para elevar produtividade em detalhes finos.,Não seria melhor comprar só uma máquina maior?,A maior resolve área ampla; a nano acelera detalhe fino e reduz retrabalho.,Kit boinas nano; suportes; compostos,https://www.kers.com.br/kers-politriz,público
POL-004,Kers Politriz DH Dual Head 780W,Politrizes,Dual Head,,"Politriz 780W com troca entre sistemas rotativo e roto orbital, adaptadores 8 e 12mm e suportes 1, 2 e 3 polegadas.",Polimento técnico com alternância de sistema.,Profissional; detailer,Troca rápida entre rotativo e roto orbital; cabo de 5m; 12 meses de garantia.,Treinamento é importante para explorar os modos corretamente.,Uma máquina versátil que substitui múltiplas soluções no carrinho do detailer.,Não é complexa demais para o dia a dia?,A versatilidade reduz troca de equipamento e aumenta produtividade quando o operador domina os modos.,"Boinas 1, 2 e 3 pol.; compostos; organizadores",https://www.kers.com.br/kers-politriz,público
POL-005,Kers Mini Politriz Rotativa R75 780W,Politrizes,Mini rotativa,,"Mini politriz rotativa 780W, 6 velocidades, rosca 14mm.",Correção em áreas pequenas e localizadas.,Profissional; detailer,Projeto ergonômico para redução de fadiga e velocidade constante.,"Como rotativa, exige técnica para evitar excesso de calor.",Perfeita para pontos onde a máquina grande atrapalha e o acabamento precisa de controle.,Rotativa não é arriscada?,"É uma ferramenta de precisão: com técnica e boina certa, entrega produtividade em áreas críticas.",Boinas pequenas; compostos; suportes,https://www.kers.com.br/kers-politriz,público
POL-006,Kers Mini Roto Orbital D10 780W,Politrizes,Mini roto orbital,,"Roto orbital compacta 780W, suporte de 3"", órbita 10mm, cabo de silicone 5m e peso 2,8 kg.","Áreas difíceis, acabamento fino e motos.",Profissional; hobista exigente,Mais segurança em áreas pequenas com baixa vibração e ruído.,"Explicar que é focada em áreas pequenas, não em carro inteiro.",Indicação forte para quem quer segurança e controle em detalhes e motos.,Dá conta de carro inteiro?,Ela é ótima para detalhes e áreas menores; para carro inteiro o ideal é complementar com máquina maior.,Boinas 3 pol.; compostos; kit nano,https://www.kers.com.br/kers-politriz,público
POL-007,Kers Mini EXS 710W Roto Orbital Forçada,Politrizes,Mini roto orbital forçada,,"Roto orbital forçada 710W, suporte 3"", órbita 5mm e 5m de cabo.",Polimento em áreas pequenas com mais torque.,Profissional,Torque elevado para ferramenta compacta.,Explicar diferença entre forçada e livre.,Entrega mais força em regiões pequenas sem perder o formato compacto.,Qual a diferença para uma mini roto comum?,A forçada entrega mais tração e constância em situações em que a livre perde rendimento.,Boinas 3 pol.; compostos de corte e refino,https://www.kers.com.br/kers-politriz,público
POL-008,Politriz Roto Orbital D12 780W,Politrizes,Roto orbital,,"Roto orbital D12 com órbita 12mm, potência 780W, versões 220V e 127V e peso 2,4 kg.",Polimento geral com foco em durabilidade.,Profissional; hobista,"Leve, potente e com proteção contra poeira para vida útil prolongada.",Alinhar voltagem correta.,"Boa combinação de peso, potência e durabilidade para uso recorrente.",Por que ela vale mais do que outras?,"Porque combina leveza, proteção contra poeira e motor de 780W para trabalho consistente.",Boinas 5 pol.; compostos; microfibras,https://www.kers.com.br/kers-politriz,público
POL-009,Kers Politriz Roto Orbital 25Years,Politrizes,Roto orbital,,"Máquina com órbita 15mm, suporte 5"", visor digital e potência 1000W.",Polimento com foco em performance e ergonomia.,Profissional,"Órbita 15mm, 1000W e visor digital.","É máquina de performance, acima do básico.",Modelo premium para quem busca produtividade e experiência superior.,É só estética por ser edição especial?,"Não: além do visual, ela combina 15mm, 1000W e visor digital para performance real.",Boinas 5 pol.; compostos premium,https://www.kers.com.br/kers-politriz,público
POL-010,"Kers Politriz Roto Orbital RS 900W 5""",Politrizes,Roto orbital,,"Roto orbital 900W, boina 5"", órbita 15mm e cabo 5m.",Polimento em área ampla com boa órbita.,Profissional,Órbita 15mm e 900W em conjunto equilibrado.,Checar tensão 230V com o cliente.,"Boa relação entre potência, órbita e cabo longo para operações de polimento.",Funciona bem para rotina pesada?,"Sim, desde que a rede elétrica seja compatível e a manutenção seja correta.",Boinas 5 pol.; compostos; extensão organizada,https://www.kers.com.br/kers-politriz,público
POL-011,Kers Roto Orbital Forçada EXS V3 1200W,Politrizes,Roto orbital forçada,,"EXS V3 1200W, rotação forçada engrenada, órbita 8mm e 6"".",Corte/refino com alta força e constância.,Profissional,Motor 1200W e sistema de acionamento de força.,Explicar bem o perfil: alto desempenho.,Para quem quer força e constância em serviço intenso.,É forte demais para meu uso?,Para uso profissional intenso ela traz ganho claro de produtividade e constância.,Boinas 6 pol.; compostos de corte,https://www.kers.com.br/kers-politriz,público
POL-012,"Politriz Rotativa RK 1250W 5""",Politrizes,Rotativa,,"Rotativa 1250W 5"", com cabo siliconado 5m e circuito constante de potência e velocidade.",Corte pesado e correção com custo-benefício.,Profissional,Potência alta com proposta de custo-benefício.,Rotativa requer técnica para evitar marcas e excesso de calor.,Boa porta de entrada em rotativa para quem quer potência com preço competitivo.,Tenho medo de holograma.,"Com boina correta e técnica adequada, ela é ótima para corte; o refino vem na etapa seguinte.",Boinas de lã; compostos de corte e refino,https://www.kers.com.br/kers-politriz,público
BOI-001,"Kers Boina de 3"" Híbrida",Boinas e Suportes,Boina híbrida,7908216806870,Boina com fibras de lã para prevenir endurecimento e emaranhamento por resíduos e entregar acabamento brilhante.,Corte e acabamento em peças menores.,Profissional; detailer,Ajuda a manter performance e brilho sem aspecto fosco.,Orientar limpeza de boina e combinação com composto.,Boa para quem quer equilíbrio entre corte e acabamento em área pequena.,Boinas híbridas valem mais?,Valem quando o usuário quer produtividade sem abrir mão de acabamento.,Politriz 3 pol.; composto; limpador de boina,https://www.kers.com.br/boinas-e-suportes,público
BOI-002,"Kers Boina de 3"" Super Suave",Boinas e Suportes,Boina espuma 3,7908216806863,Boina 3 com velcro super resistente.,Acabamento final.,Profissional; hobista,Velcro resistente e foco em acabamento.,Explicar estágio correto do processo.,Ideal para entrega final e lustro em área pequena.,Não posso usar uma boina média para tudo?,"Pode, mas perde qualidade no acabamento final e aumenta risco de microdefeitos.",Politriz 3 pol.; composto de lustro,https://www.kers.com.br/boinas-e-suportes,público
BOI-003,"Kers Boina de 3"" Suave",Boinas e Suportes,Boina espuma 3,7908216806856,Boina 3 suave com velcro resistente.,Refino leve.,Profissional; hobista,Boa para transição entre corte leve e acabamento.,Não vender como boina universal.,Resolve bem etapa de refino sem agressividade excessiva.,Qual a diferença para a super suave?,A suave refina mais forte; a super suave foca mais no acabamento final.,Politriz 3 pol.; composto de refino,https://www.kers.com.br/boinas-e-suportes,público
BOI-004,"Kers Boina de 3"" Média",Boinas e Suportes,Boina espuma 3,7908216806849,Boina 3 média com velcro resistente.,Correção moderada.,Profissional,Versatilidade para correção moderada em peças pequenas.,Explicar que o resultado depende do composto.,Boa opção coringa para quem quer produtividade em pontos localizados.,Serve para tudo?,"É versátil, mas o ideal é combinar com boinas mais agressivas ou suaves conforme a etapa.",Politriz 3 pol.; composto médio,https://www.kers.com.br/boinas-e-suportes,público
BOI-005,"Kers Boina de 3"" Agressiva",Boinas e Suportes,Boina espuma 3,7908216806832,Boina 3 agressiva com velcro resistente.,Correção forte em áreas pequenas.,Profissional,Maior corte em peças pequenas.,Exige etapa posterior de refino/acabamento.,Boa para remoção mais pesada em zonas localizadas.,Não vai marcar demais?,Pode marcar se usada fora do contexto; com técnica certa ela economiza tempo de corte.,Composto de corte; boina suave de refino,https://www.kers.com.br/boinas-e-suportes,público
BOI-006,"Kers Boina de 3"" Super Agressiva",Boinas e Suportes,Boina espuma 3,7908216806825,Boina 3 super agressiva com velcro resistente.,Correção muito forte em áreas pequenas.,Profissional,Máximo corte da família 3 polegadas.,Usar somente quando há necessidade real e com técnica.,Ferramenta de produtividade para defeitos severos localizados.,Não é exagero?,Para defeitos severos localizados ela reduz muito o tempo da etapa de corte.,Composto de corte; boina de refino,https://www.kers.com.br/boinas-e-suportes,público
BOI-007,"Kers Boina Hyper Colmeia 6"" Suave",Boinas e Suportes,Hyper Colmeia 6,7908216807549,Linha Hyper com padrão hexagonal para distribuir o ar e reduzir calor superficial.,Refino em área ampla.,Profissional,"Polimento mais seguro, suave e frio.",Precisa estar alinhada à máquina e suporte corretos.,Excelente argumento técnico para venda premium.,Qual o benefício real da colmeia?,Menos calor superficial e polimento mais estável.,Politriz 6 pol.; composto de refino,https://www.kers.com.br/boinas-e-suportes,público
BOI-008,"Kers Boina Hyper Colmeia 6"" Média",Boinas e Suportes,Hyper Colmeia 6,7908216807532,Linha Hyper com padrão hexagonal para distribuir o ar e reduzir calor superficial.,Correção moderada em área ampla.,Profissional,Equilíbrio entre corte e segurança térmica.,Explicar etapa correta.,Boa para quem quer uma boina de mais performance com mais controle.,É muito técnica para o dia a dia?,Não; ela entrega uma experiência mais segura e eficiente quando bem aplicada.,Politriz 6 pol.; composto médio,https://www.kers.com.br/boinas-e-suportes,público
BOI-009,"Kers Boina Hyper Colmeia 6"" Agressiva",Boinas e Suportes,Hyper Colmeia 6,7908216807525,Linha Hyper com padrão hexagonal para distribuir o ar e reduzir calor superficial.,Corte em área ampla.,Profissional,Maior corte com construção voltada a controle térmico.,Pede refino posterior.,Ferramenta de produtividade para corte mais seguro.,Vai aquecer demais?,A proposta da linha Hyper é justamente reduzir calor superficial e estabilizar o polimento.,Politriz 6 pol.; composto de corte,https://www.kers.com.br/boinas-e-suportes,público
BOI-010,Kers Boina de Feltro com Velcro 5,Boinas e Suportes,Feltro,327,"Boina de feltro com velcro 5"".",Apoio a processos específicos de polimento.,Profissional,Linha dedicada de feltro.,Explicar uso específico.,Produto de nicho para processos específicos.,Para que serve feltro?,Para aplicações específicas; deve ser indicado conforme o processo do cliente.,Suporte compatível; composto,https://www.kers.com.br/boinas-e-suportes,público
BOI-011,Kers Boina de Feltro com Velcro 6,Boinas e Suportes,Feltro,328,"Boina de feltro com velcro 6"".",Apoio a processos específicos de polimento.,Profissional,Linha dedicada de feltro.,Explicar uso específico.,Produto de nicho para processos específicos.,Para que serve feltro?,Para aplicações específicas; deve ser indicado conforme o processo do cliente.,Suporte compatível; composto,https://www.kers.com.br/boinas-e-suportes,público
BOI-012,Kers Boina de Lã com Velcro 3,Boinas e Suportes,Lã,331,"Boina de lã com velcro 3"".",Corte em pequena área.,Profissional,Corte elevado em área pequena.,Pede refino posterior.,Ganha tempo em correções localizadas severas.,Lã não deixa acabamento pior?,A lã acelera o corte; o acabamento vem na etapa seguinte.,Composto de corte; boina de refino,https://www.kers.com.br/boinas-e-suportes,público
BOI-013,Kers Boina de Lã com Velcro 4,Boinas e Suportes,Lã,332,"Boina de lã com velcro 4"".",Corte em áreas pequenas/médias.,Profissional,Corte elevado com tamanho intermediário.,Pede refino posterior.,Boa opção de produtividade no corte.,Vai agredir demais?,"Usada corretamente, ela economiza tempo em defeitos mais severos.",Composto de corte; boina refino,https://www.kers.com.br/boinas-e-suportes,público
BOI-014,Kers Boina de Lã com Velcro 5,Boinas e Suportes,Lã,333,"Boina de lã com velcro 5"".",Corte em área ampla.,Profissional,Corte elevado em tamanho padrão 5.,Pede refino posterior.,Clássica para correção pesada com rapidez.,É melhor que espuma?,"Para corte pesado, geralmente sim; depois entra a espuma no refino.",Composto corte; boina suave,https://www.kers.com.br/boinas-e-suportes,público
BOI-015,Kers Boina de Lã com Velcro 6,Boinas e Suportes,Lã,334,"Boina de lã com velcro 6"".",Corte em área ampla.,Profissional,Maior cobertura e corte.,Exige máquina e técnica compatíveis.,Boa para grandes áreas com necessidade de produtividade.,Não fica grande demais?,"Para áreas grandes, a cobertura maior acelera o processo.",Politriz 6 pol.; composto corte,https://www.kers.com.br/boinas-e-suportes,público
BOI-016,Kers Cone de Espuma p/ Polimento Suave,Boinas e Suportes,Cone espuma,736,Cone de espuma para polimento versão suave.,Polimento em regiões específicas.,Profissional,Formato específico para áreas difíceis.,Não vender como acessório universal.,Boa extensão de portfólio para detalhamento fino.,Cone faz diferença?,"Em áreas e geometrias específicas, sim.",Suporte compatível; compostos,https://www.kers.com.br/boinas-e-suportes,público
BOI-017,Kers Cone de Espuma p/ Polimento Médio,Boinas e Suportes,Cone espuma,738,Cone de espuma para polimento versão média.,Polimento em regiões específicas.,Profissional,Formato específico para áreas difíceis.,Não vender como acessório universal.,Boa extensão de portfólio para detalhamento fino.,Cone faz diferença?,"Em áreas e geometrias específicas, sim.",Suporte compatível; compostos,https://www.kers.com.br/boinas-e-suportes,público
BOI-018,Kers Cone de Espuma p/ Polimento Médio Agressivo,Boinas e Suportes,Cone espuma,737,Cone de espuma para polimento versão médio agressivo.,Polimento em regiões específicas.,Profissional,Formato específico para áreas difíceis.,Não vender como acessório universal.,Boa extensão de portfólio para detalhamento fino.,Cone faz diferença?,"Em áreas e geometrias específicas, sim.",Suporte compatível; compostos,https://www.kers.com.br/boinas-e-suportes,público
BOI-019,Kers Cone de Espuma p/ Polimento Agressivo,Boinas e Suportes,Cone espuma,739,Cone de espuma para polimento versão agressiva.,Polimento em regiões específicas.,Profissional,Formato específico para áreas difíceis.,Exige refino posterior quando aplicável.,Boa extensão de portfólio para detalhamento fino.,Cone faz diferença?,"Em áreas e geometrias específicas, sim.",Suporte compatível; compostos,https://www.kers.com.br/boinas-e-suportes,público
BOI-020,Kers Cone de Espuma Ventilado p/ Polimento,Boinas e Suportes,Cone espuma ventilado,607,Cone de espuma ventilado para polimento.,Polimento em regiões específicas.,Profissional,Construção ventilada.,Explicar uso específico.,Boa opção para quem já usa cones e quer mais controle térmico.,Qual a vantagem de ser ventilado?,A ventilação ajuda na gestão de calor durante o trabalho.,Suporte compatível; compostos,https://www.kers.com.br/boinas-e-suportes,público
BOI-021,Kers Boina de Microfibra com Velcro Suave 3,Boinas e Suportes,Microfibra,286,Boina de microfibra com velcro suave 3 polegadas.,Refino e acabamento em detalhe.,Profissional; hobista,Linha em múltiplos tamanhos.,Escolher medida correta e etapa.,Boa opção para usuários que já trabalham com microfibra.,Qual tamanho eu levo?,3 para detalhes; 5 e 6 para áreas maiores.,Politriz compatível; compostos,https://www.kers.com.br/boinas-e-suportes,público
BOI-022,Kers Boina de Microfibra com Velcro Suave 5,Boinas e Suportes,Microfibra,285,Boina de microfibra com velcro suave 5 polegadas.,Refino e acabamento.,Profissional; hobista,Linha em múltiplos tamanhos.,Escolher medida correta e etapa.,Boa opção para usuários que já trabalham com microfibra.,Qual tamanho eu levo?,3 para detalhes; 5 e 6 para áreas maiores.,Politriz compatível; compostos,https://www.kers.com.br/boinas-e-suportes,público
BOI-023,Kers Boina de Microfibra com Velcro Suave 6,Boinas e Suportes,Microfibra,284,Boina de microfibra com velcro suave 6 polegadas.,Refino e acabamento.,Profissional; hobista,Linha em múltiplos tamanhos.,Escolher medida correta e etapa.,Boa opção para usuários que já trabalham com microfibra.,Qual tamanho eu levo?,3 para detalhes; 5 e 6 para áreas maiores.,Politriz compatível; compostos,https://www.kers.com.br/boinas-e-suportes,público
BOI-024,Kers Boina de Microfibra com Velcro Média 5,Boinas e Suportes,Microfibra,282,Boina de microfibra com velcro média 5 polegadas.,Correção moderada.,Profissional,Perfil intermediário da linha microfibra.,Explicar estágio de uso.,Boa opção coringa para microfibra.,Serve para todo cenário?,"É versátil, mas funciona melhor quando o defeito e o composto são compatíveis.",Politriz compatível; composto médio,https://www.kers.com.br/boinas-e-suportes,público
BOI-025,Kers Boina de Microfibra com Velcro Agressiva 5,Boinas e Suportes,Microfibra,288,Boina de microfibra com velcro agressiva 5 polegadas.,Corte forte.,Profissional,Maior corte na família de microfibra.,Pede refino posterior.,Boa para acelerar corte mantendo a família microfibra.,Vai marcar demais?,"Pode exigir refino, mas reduz bastante o tempo da etapa de corte.",Composto de corte; boina suave,https://www.kers.com.br/boinas-e-suportes,público
BOI-026,Kers Esponja Mágica de Melamina,Boinas e Suportes,Melamina,100,Esponja mágica de melamina.,Limpezas específicas.,Profissional; consumidor final,Item de apoio de alto giro.,Orientar uso na superfície correta.,Produto de ticket menor com boa recorrência.,Funciona em qualquer superfície?,Não: deve ser usado com critério para evitar desgaste indevido.,Limpadores; microfibras,https://www.kers.com.br/boinas-e-suportes,público
BOI-027,Kers Boina de Melamina c/ Velcro 3,Boinas e Suportes,Melamina,164,"Boina de melamina com velcro 3"".",Processos específicos de limpeza/polimento.,Profissional,Linha de melamina dedicada.,Explicar aplicação correta antes da venda.,Ferramenta especializada para quem conhece o processo.,Serve para qualquer correção?,"Não; é item específico, deve ser vendido conforme necessidade do cliente.",Suporte 3 pol.; produtos compatíveis,https://www.kers.com.br/boinas-e-suportes,público
BOI-028,Boina de Espuma 15mm Refino,Boinas e Suportes,Espuma 15mm,225,Boina de espuma 15mm versão refino.,Refino.,Profissional,Linha dedicada por estágio.,Checar compatibilidade com a máquina.,Boa para organizar etapas do polimento.,Preciso mesmo separar boinas por etapa?,Sim; isso melhora resultado e previsibilidade.,Composto de refino,https://www.kers.com.br/boinas-e-suportes,público
BOI-029,Boina de Espuma 15mm Corte,Boinas e Suportes,Espuma 15mm,221,Boina de espuma 15mm versão corte.,Corte.,Profissional,Perfil de corte na linha 15mm.,Pede refino posterior.,Ganha tempo na etapa de corte.,Vai servir para lustro?,Não é o ideal; para lustro/refino o certo é outra boina.,Composto de corte; boina refino,https://www.kers.com.br/boinas-e-suportes,público
BOI-030,Rebolo de Espuma p/ Polimento,Boinas e Suportes,Rebolo espuma,577,Rebolo de espuma para polimento.,Polimento específico.,Profissional,Item complementar da linha de polimento.,Explicar aplicação correta.,Complementa setups específicos de polimento.,Não é a mesma coisa que boina?,Não necessariamente; o formato e a aplicação mudam conforme o processo.,Suporte; compostos,https://www.kers.com.br/boinas-e-suportes,público
ESC-001,KERS Escova para Limpeza de Cintos de Segurança,Escovas,Escova especializada,7908216810273,Escova dedicada para limpeza de cintos de segurança.,Higienização de cintos e fitas têxteis.,Detalhamento interno,Ferramenta específica para um ponto visível e crítico.,Orientar secagem correta e químico adequado.,Mostra profissionalismo por tratar um detalhe que costuma ser ignorado.,Isso não é supérfluo?,Não; é um ponto muito visível e a ferramenta certa melhora acabamento e eficiência.,APC; extratora,https://www.kers.com.br/escovas,público
ESC-002,Kers Escova de Microfibra para Limpeza de Furo Rodas N°7,Escovas,Furo de roda,7908216808560,Escova de microfibra para limpeza de furo de rodas N°7.,Limpeza de furo de rodas.,Profissional; hobista,Formato específico para furo de roda.,Vender junto do químico correto.,Resolve um ponto chato do detalhamento de rodas.,Não consigo com pano?,A escova certa entra melhor e limpa mais rápido.,Limpa-rodas; APC,https://www.kers.com.br/escovas,público
ESC-003,Kers Escova de Microfibra para Limpeza de Furo Rodas N°3,Escovas,Furo de roda,7908216808553,Escova de microfibra para limpeza de furo de rodas N°3.,Limpeza de furo de rodas.,Profissional; hobista,Variação de tamanho para encaixe melhor.,Vender o tamanho conforme aro/necessidade.,Aumenta precisão na limpeza das rodas.,Qual tamanho levo?,Depende do espaço do aro; N°3 e N°7 atendem geometrias diferentes.,Limpa-rodas; APC,https://www.kers.com.br/escovas,público
ESC-004,Kers Escova Coice Curta,Escovas,Rodas / áreas difíceis,7908216808935,"Escova para limpeza de aros, freios, pinças, escapamentos e áreas difíceis.",Rodas e partes metálicas acessíveis.,Profissional; hobista,Segurança e agilidade em áreas de difícil acesso.,Escolher químico compatível com acabamento.,Entrega produtividade em uma das áreas mais críticas do visual do carro.,Tenho pincel e já resolve.,"O pincel ajuda, mas a escova coice esfrega com mais firmeza onde a sujeira é pesada.",Limpa-rodas; APC,https://www.kers.com.br/escovas,público
ESC-005,Kers Escova Coice Longa,Escovas,Rodas / áreas difíceis,7908216808683,"Escova para limpeza de aros, freios, pinças, escapamentos e áreas difíceis, com mais alcance.",Rodas e áreas profundas.,Profissional,Mais alcance em regiões profundas.,Explicar diferença de alcance versus curta.,Reduz esforço e melhora acesso em geometrias profundas.,Qual a diferença da curta?,A longa alcança regiões mais profundas e melhora o conforto operacional.,Limpa-rodas; APC,https://www.kers.com.br/escovas,público
ESC-006,Kers Escova de Microfibra para Limpeza de Rodas,Escovas,Rodas,7908216808546,Escova de microfibra para limpeza de rodas.,Limpeza de rodas.,Profissional; consumidor exigente,Toque em microfibra para limpeza dedicada.,A página pública não detalha mais o uso.,Boa opção para manutenção de rodas com ferramenta específica.,Vale ter uma só para roda?,"Sim, roda concentra sujeira pesada e merece ferramenta própria.",Limpa-rodas; APC,https://www.kers.com.br/escovas,público
ESC-007,Kers Escova Dual Color para Limpeza de Rodas,Escovas,Rodas,7908216811317,Escova dual color para limpeza de rodas.,Limpeza de rodas.,Profissional; hobista,Ferramenta dedicada a rodas.,A página pública não detalha mais.,Ajuda a montar kit completo de rodas.,Qual a diferença dela?,É mais uma opção dedicada de escova para a etapa de rodas.,Limpa-rodas,https://www.kers.com.br/escovas,público
ESC-008,Kers Escova de Microfibra Angular para Limpeza de Rodas,Escovas,Rodas,7908216808522,"Escova angular para detalhamento em rodas; remove poeira, graxa e sujeira sem riscar.",Limpeza de rodas.,Profissional; hobista,Formato angular e proposta sem riscar.,Combinar com químico adequado ao nível de sujeira.,Bom argumento para cliente que teme marcar a roda.,Vai riscar?,A proposta do produto é justamente limpar sem riscar quando usado corretamente.,Limpa-rodas; APC,https://www.kers.com.br/escovas,público
ESC-009,Kers Escova Soft Wheel para Rodas,Escovas,Rodas,7908216808706,Escova Soft Wheel para rodas.,Limpeza de rodas.,Consumidor exigente; detailer,Limpeza dedicada com abordagem mais suave.,Combinar com químico correto.,Boa opção para manutenção de rodas com cuidado.,Vale investir em uma escova só para roda?,Vale porque roda concentra sujeira pesada e ferramentas dedicadas melhoram o resultado.,Limpa-rodas,https://www.kers.com.br/escovas,público
ESC-010,Kers Escova Pica Pau para Rodas e Pneus,Escovas,Rodas e pneus,7908216808720,Escova Pica Pau para rodas e pneus.,Limpeza de rodas e pneus.,Profissional; hobista,Ferramenta dedicada a duas áreas de alto acúmulo de sujeira.,Detalhes limitados na página pública.,Ajuda a montar kit de rodas/pneus.,Serve para carro e moto?,"Sim, desde que a área e o químico sejam compatíveis.",Limpa-pneus; limpa-rodas,https://www.kers.com.br/escovas,público
ESC-011,Kers Escova para Limpeza de Rodas Curta,Escovas,Rodas,119,"Escova curta com cabeça emborrachada, cerdas de nylon médias e construção rígida durável, resistente a químicos.",Limpeza de rodas.,Profissional; hobista,Cerdas médias e proteção da roda.,Boa para sujeira moderada a pesada.,Escolha forte para quem quer firmeza sem abrir mão de proteção da roda.,Vai riscar?,A cabeça emborrachada e as cerdas adequadas ajudam a limpar sem causar danos quando usada corretamente.,Limpa-rodas; APC,https://www.kers.com.br/escovas,público
ESC-012,Kers Escova para Limpeza de Furo de Rodas,Escovas,Furo de roda,165,"Escova de última geração para limpeza rápida e eficaz de rodas, sem arranhar.",Furo de roda.,Profissional; hobista,Desenho voltado a limpeza rápida e sem arranhões.,Vender junto com limpa-rodas.,Resolve um dos pontos mais demorados da lavagem.,Vai servir em qualquer aro?,A página pública destaca uso para diversos tipos de aros.,Limpa-rodas; APC,https://www.kers.com.br/escovas,público
ESC-013,Kers Escova para Limpeza de Couro com Cerdas Naturais,Escovas,Couro,177,"Escova com cerdas de crina de cavalo, extremamente suave, indicada para couro e materiais sensíveis.",Limpeza de couro e materiais sensíveis.,Detalhamento interno; estética premium,Suavidade e ergonomia para limpeza sem danificar.,Reforçar uso com limpador específico de couro.,Ajuda a vender cuidado profissional em interior premium.,Posso usar qualquer escova macia?,Uma feita para couro reduz risco de agressão e passa mais confiança ao cliente.,Limpador de couro; hidratante,https://www.kers.com.br/escovas,público
ESC-014,Kers Carpet Clean - Escova para limpeza,Escovas,Carpete / tapete,875,Escova para limpeza de carpetes e tapetes.,"Carpetes, tapetes e tecidos.",Detalhamento interno,Linha dedicada a carpetes e tapetes.,A página pública mistura trechos visuais; manter venda consultiva simples.,Boa para higienização interna e upsell de detalhamento completo.,Não serve uma escova qualquer?,Uma escova dedicada tende a melhorar rendimento e ergonomia na limpeza de tecidos.,APC; extratora,https://www.kers.com.br/escovas,público
ESC-015,Kers Escova para Limpeza de Parafusos e Pequenas Áreas,Escovas,Precisão,,Escova para parafusos e pequenas áreas.,Precisão em zonas pequenas.,Profissional,Foco em áreas minúsculas e detalhes.,Detalhes limitados na página pública.,Mostra preocupação com acabamento fino.,Preciso mesmo disso?,"Para detalhamento fino, ferramentas específicas fazem diferença no tempo e no resultado.",APC; kit de escovas,https://www.kers.com.br/escovas,parcial
CLY-001,Kers Mouse Easy Clay,Linha Clay,Clay,55,"Produto para descontaminação de superfícies; remove overspray, manchas de água superficiais, seiva, poeira, excrementos, oxidação leve e resíduos de freio.",Descontaminação de pintura.,Profissional; hobista,Formato prático para descontaminação.,Lubrificação adequada é fundamental.,Amplia opções de descontaminação além da clay tradicional.,Qual a diferença para a clay bar?,O formato muda a ergonomia e a forma de aplicação.,Lubrificante; microfibra,https://www.kers.com.br/linha-clay,público
CLY-002,"Kers Disco Clay Bar Mágico de Descontaminação 6"" Suave",Linha Clay,Disco clay,49,"Disco clay para remoção de contaminações como sprays de tinta, seiva e chuva ácida; uso manual ou mecânico.",Descontaminação antes de polimento ou proteção.,Profissional,Uso manual ou mecânico acelera produtividade.,Necessita lubrificação e escolha correta da agressividade.,Ganho de tempo sem abrir mão de segurança quando usado corretamente.,Clay dá muito trabalho.,Esse formato agiliza a etapa e permite adaptação ao nível de contaminação.,Lubrificante; politriz; microfibra,https://www.kers.com.br/linha-clay,público
CLY-003,"Kers Disco Clay Bar Mágico de Descontaminação 6"" Médio",Linha Clay,Disco clay,54,Disco clay para remoção de contaminações com agressividade média.,Descontaminação antes de polimento ou proteção.,Profissional,Uso manual ou mecânico acelera produtividade.,Necessita lubrificação e escolha correta da agressividade.,Ganho de tempo sem abrir mão de segurança quando usado corretamente.,Qual agressividade eu escolho?,"A média funciona quando a contaminação pede mais ação que a suave, sem ir direto para a agressiva.",Lubrificante; politriz; microfibra,https://www.kers.com.br/linha-clay,público
CLY-004,"Kers Disco Clay Bar Mágico de Descontaminação 6"" Agressivo",Linha Clay,Disco clay,51,Disco clay para remoção de contaminações com agressividade alta.,Descontaminação antes de polimento ou proteção.,Profissional,Uso manual ou mecânico acelera produtividade.,Necessita lubrificação e avaliação de necessidade.,Boa para contaminações mais severas.,Vai agredir a pintura?,A página pública destaca remoção sem agredir a pintura quando usado corretamente.,Lubrificante; politriz; microfibra,https://www.kers.com.br/linha-clay,público
CLY-005,Kers Clay Bar 80g Suave,Linha Clay,Clay bar,50,"Clay bar para remover overspray, seiva, resíduos industriais, manchas de água e piche sem agredir o verniz.",Descontaminação manual.,Profissional; usuário exigente,Versão suave para contaminação menor.,Exige lubrificação correta.,Etapa clássica que eleva muito a percepção de qualidade da pintura.,Nunca usei clay.,Com lubrificação e pressão corretas é uma etapa simples e muito perceptível no toque.,Lubrificante; microfibra,https://www.kers.com.br/linha-clay,público
CLY-006,Kers Clay Bar 80g Médio,Linha Clay,Clay bar,53,Clay bar 80g média.,Descontaminação manual.,Profissional; usuário exigente,Intermediária na família 80g.,Exige lubrificação correta.,Boa opção para contaminação intermediária.,Qual agressividade escolher?,Depende do nível de contaminação; a média é o meio-termo.,Lubrificante; microfibra,https://www.kers.com.br/linha-clay,público
CLY-007,Kers Clay Bar 80g Agressivo,Linha Clay,Clay bar,52,Clay bar 80g agressiva.,Descontaminação manual de contaminações mais severas.,Profissional,Maior poder de remoção na família 80g.,Escolher somente quando necessário e com técnica.,Resolve contaminação severa com mais rapidez.,Vai agredir o verniz?,A página pública diz que remove contaminações sem agredir o verniz quando usada corretamente.,Lubrificante; microfibra,https://www.kers.com.br/linha-clay,público
CLY-008,Kers Clay Bar 160g Suave,Linha Clay,Clay bar,49,Clay bar 160g suave.,Descontaminação manual.,Profissional,Maior peso para quem usa mais.,Exige lubrificação correta.,Boa para profissional que quer maior rendimento por peça.,Qual tamanho levo?,Quem usa mais costuma preferir a 160g pelo rendimento.,Lubrificante; microfibra,https://www.kers.com.br/linha-clay,público
CLY-009,Kers Clay Bar 160g Médio,Linha Clay,Clay bar,54,Clay bar 160g média.,Descontaminação manual.,Profissional,Maior peso com agressividade intermediária.,Exige lubrificação correta.,Boa opção para uso frequente com contaminação média.,Qual tamanho levo?,A 160g tende a compensar para uso profissional mais intenso.,Lubrificante; microfibra,https://www.kers.com.br/linha-clay,público
CLY-010,Kers Clay Bar 160g Agressivo,Linha Clay,Clay bar,51,Clay bar 160g agressiva.,Descontaminação manual de contaminações mais severas.,Profissional,Maior peso e maior agressividade.,Escolher somente quando necessário e com técnica.,Feita para uso profissional em contaminações mais pesadas.,Vai marcar a pintura?,"Com lubrificação e técnica corretas, a proposta é remover contaminação sem agredir o verniz.",Lubrificante; microfibra,https://www.kers.com.br/linha-clay,público
CLY-011,Refil Mouse Easy Clay Pack 2un,Linha Clay,Refil,713,Refil para Mouse Easy Clay indicado para descontaminação do verniz automotivo.,Reposição para mouse easy clay.,Profissional; hobista,Reposição direta para o acessório principal.,Checar compatibilidade com o mouse easy clay.,Ajuda a manter o sistema em uso sem trocar o conjunto todo.,Preciso comprar o conjunto inteiro de novo?,Não; o refil existe justamente para reposição.,Mouse Easy Clay; lubrificante,https://www.kers.com.br/linha-clay,público
CLY-012,Refil Mouse Easy Clay Pack 1un,Linha Clay,Refil,79,Refil para Mouse Easy Clay indicado para descontaminação do verniz automotivo.,Reposição para mouse easy clay.,Profissional; hobista,Reposição direta para o acessório principal.,Checar compatibilidade com o mouse easy clay.,Ajuda a manter o sistema em uso sem trocar o conjunto todo.,Preciso comprar o conjunto inteiro de novo?,Não; o refil existe justamente para reposição.,Mouse Easy Clay; lubrificante,https://www.kers.com.br/linha-clay,público
LUM-001,Kers Holofote Max Lum 50W recarregável,Iluminação,Holofote,784,"Holofote com 3 níveis de iluminação, até 1,70m de altura, IP65, 4000K, CRI > 80 e função power bank.",Inspeção e iluminação de detalhamento.,Profissional,"3 níveis, proteção IP65 e power bank.",Confirmar se o cliente quer também o tripé.,Boa peça para inspeção e trabalho com mobilidade.,Preciso do tripé também?,"Geralmente sim, porque melhora posicionamento e estabilidade da luz.",Tripé 787,https://www.kers.com.br/lanterna,público
LUM-002,Tripé para Holofote Max Lum,Iluminação,Tripé,787,Tripé associado ao holofote Max Lum.,Apoio para iluminação.,Profissional,Complemento direto do holofote.,Vender em conjunto com o holofote.,Upsell natural na venda de iluminação.,Dá para usar sem tripé?,"Dá, mas o tripé amplia a utilidade e o posicionamento da luz.",Holofote 784,https://www.kers.com.br/lanterna,público
LUM-003,Kers Holofote Flex Detail 25W recarregável,Iluminação,Holofote,81,"Holofote 25W recarregável, carregador bivolt, CRI 95+, IP65, 4000K e altura máxima 1,85m.",Inspeção e iluminação de detalhamento.,Profissional,CRI 95+ para leitura mais fiel de defeitos.,Confirmar necessidade do tripé.,Ótima venda técnica para quem entende a importância de CRI alto.,O que significa CRI 95+?,"Maior fidelidade de cor, importante para inspeção visual de acabamento.",Tripé 82,https://www.kers.com.br/lanterna,público
LUM-004,Tripé para Holofote Flex Detail,Iluminação,Tripé,82,Tripé associado ao holofote Flex Detail.,Apoio para iluminação.,Profissional,Complemento direto do holofote.,Vender em conjunto.,Upsell natural na venda de iluminação.,Posso usar qualquer apoio?,"Pode, mas o tripé dedicado simplifica uso e estabilidade.",Holofote 81,https://www.kers.com.br/lanterna,público
LUM-005,Kers Lanterna Recarregável Pen Led 3W,Iluminação,Lanterna,730,"Lanterna com controle de abertura de luz, micro USB 5V 1A, alcance 50m e IP45.",Inspeção portátil.,Profissional; hobista,Portabilidade e controle de abertura da luz.,Orientar autonomia e perfil de uso.,Boa lanterna de bolso para inspeção rápida.,Preciso de algo tão técnico?,"Mesmo em uso simples, portabilidade e autonomia ajudam bastante.",Holofotes; carregadores,https://www.kers.com.br/lanterna,público
BNK-001,Kers Ultimate Detail 130kg,Bancos e Racks,Banco,717,"Banco com 4 rodízios 360°, bandeja para ferramentas e dois suportes plásticos para frascos.",Apoio ergonômico para detalhamento.,Profissional,Organização e mobilidade durante o serviço.,"Mostrar ganho operacional, não só conforto.","Melhora ergonomia, organização e velocidade no dia a dia.",É só um banco.,Na prática reduz deslocamentos e melhora acesso a ferramentas.,Frascos; racks; organizadores,https://www.kers.com.br/bancos,público
BNK-002,Kers Pro Detailer,Bancos e Racks,Banco,758,"Banco com bandeja de design estratégico, gaveta frontal e 4 rodízios 360°.",Apoio ergonômico e organização premium.,Profissional,Bandeja + gaveta frontal + mobilidade.,Venda depende de mostrar ganho real no fluxo de trabalho.,Produto de maior valor agregado para operação profissional.,Não é luxo demais?,"Para quem trabalha o dia inteiro, organização e ergonomia retornam em produtividade.",Frascos; compostos; organizadores,https://www.kers.com.br/bancos,público
